,loss,accuracy,val_loss,val_accuracy
0,0.6812506318092346,0.7789653539657593,2.432054042816162,0.10000000149011612
1,0.23241005837917328,0.9217614531517029,2.416652202606201,0.10000000149011612
2,0.14225836098194122,0.9576742053031921,2.4224796295166016,0.10000000149011612
3,0.11520286649465561,0.9657973647117615,2.3979365825653076,0.10000000149011612
4,0.08044961094856262,0.9722103476524353,2.910806894302368,0.05999999865889549
