,loss,accuracy,val_loss,val_accuracy
0,0.7179137468338013,0.76485675573349,8.220730781555176,0.3199999928474426
1,0.42617297172546387,0.8666096329689026,14.488037109375,0.3199999928474426
2,0.3085026144981384,0.8999572396278381,11.570042610168457,0.3400000035762787
3,0.25243479013442993,0.9204788208007812,13.207841873168945,0.3799999952316284
